CardId;CardName;Description;Cost;Attack;Health;Sprite
1;"Lifelong Partner";"Select a partner both get +4/4  if one of the dies the other loose -5/5";4;2;1;"Gemini_Generated_Image_1"
2;"Deathmaster Shoebill";"OnBoard or Hand: If somebody dies gain +1/1";5;1;2;"id_00082_009_shoebill_stork_funeral_director"
100;"Shaman Raven";"Force two minions attack each other";6;2;4;"d863b69a-76cd-4f9c-a071-01d03c4021e1"
101;"Pangolin Bouncer";"Force two minions attack him";4;3;5;"id_00084_011_pangolin_nightclub_bouncer_large"
102;"Flamingo Yoga Teacher";"OnPlay: The 2 strongest friendly minions get -1/-1. The 3 weakest friendly minions get +1/+1.";4;2;2;"id_00143_006_flamingo_yoga_instructor_balancing"
103;"Andean Cock";"OnPlay: Launch 3 Maki air strikes.";5;3;4;"id_00026_001_stylized_an_andean_cock.png;id_00088_003_an_andean_cock_rock"
104;"Clean worker Beetle";"When attack summon a bomb to an enemy that deals 2 damage to all.";3;1;4;"id_00155_018_proud_dung_beetle_waste"
105;"Playtypus Acountant";"OnPlay: Gain +1/+1 for each card in your hand.";4;1;1;"id_00105_020_platypus_accountant_bill_puzzled"
106;"Fossa  Lawyer";"When Attacking: Steal 3 Attack from the target before dealing damage.";4;1;4;"id_00086_001_fossa_lawyer_sleek_reddish"
107;"Komodo Judge";"OnPlay: Set the highest Health enemy minion's Health to 1.";5;1;4;"id_00093_008_komodo_dragon_judge_rugged"
108;"Chameleon Agent";"When Attacking: Copy the Attack of the opposing minion.";4;1;5;"id_00238_007_chameleon_sound_technician_instinctively"
109;"Numbat Custodian";"OnPlay: Swap a minion Attack and Health";3;2;4;"id_00090_005_numbat_museum_custodian_striped"
110;"Poison  Dart Frog";"OnDeath: Deal 3 damage to a random enemy.";3;3;2;"id_00114_029_poison_dart_frog_dj"
111;"Hype Follower";"When a minion buffed gains 1/1";5;1;4;"Gemini_Generated_Image_1upkwl1upkwl1upk"
112;"Aye-Aye Interceptor";"OnPlay: Deal 3 damage to a random enemy";3;2;3;"id_00180_003_an_aye_aye_goa"
113;"Koala on Hold";"Sleep for an extra turn";2;4;4;"id_00103_018_koala_call_center_worker"
114;"Solo Influencer";"If he is the only one on your board gain 2/2";2;2;2;"id_00117_032_frill_necked_lizard_influencer"
115;"Griefing Galapagos";"OnDeath: Adjacent friendly minions gain +2/+1.";3;2;2;"id_00076_003_an_old_gal_pagos"
116;"Axolotl Apothecary";"OnDeath: Reborn with 1 Health.";4;3;4;"id_00035_007_stylized_pink_axolotl_pharmacist"
117;"Salamander Firefighter";"OnDeath: Summon a 2/2.";4;2;3;"id_00116_031_fire_salamander_firefighter_glossy"
118;"Poisonbeat DJ";"OnDeath: Deal 3 damage to a random enemy.";3;3;2;"id_00114_029_poison_dart_frog_dj"
119;"Glass Frog Nurse";"OnPlay: Restore 4 Health to a friendly character.";3;2;2;"id_00115_030_translucent_glass_frog_nurse"
120;"Tortoise Lift Operator";"OnDeath: Give adjacent friendly minions +2/+1.";4;3;3;"id_00208_011_gal_pagos_tortoise_elevator"
121;"Chinchilla Stylist";"OnDeath: Summon three 1/1 tokens.";4;2;1;"id_00141_004_chinchilla_luxury_fur_salon"
122;"Ancient Philosopher";"OnDeath: Give all friendly minions +1/+1.";4;3;2;"id_00213_002_an_ancient_tuatara_philosopher"
123;"Vitality Doubler";"OnDeath: Double the Health of a random friendly minion.";4;2;2;"vitality_Doubler"
124;"Wombat Baker";"OnDeath: Give a friendly minion +3 Health.";3;2;3;"id_00032_004_stylized_wombat_baker_white"
125;"Ratcoin Trader";"OnDeath: Gain 2 Mana next turn.";3;2;1;"id_00122_037_jittery_rat_crypto_trader"
126;"Yak Locksmith";"EndOfTurn: Gain 1/1";4;2;2;"id_00142_005_tibetan_yak_locksmith_massive"
127;"Saiga Sommelier";"OnPlay:+3 attack to all minion";5;2;2;"id_00163_006_saiga_antelope_sommelier_magnificent"
128;"Rooftop Markhor";"This minion cannot be attacked.";3;4;2;"id_00166_009_markhor_goat_rooftop_chimney"
129;"Quick-Buck Crow";"OnPlay: Gain 1 Mana Crystal this turn only.";2;2;3;"id_00231_016_prompt_happy_crow_wearing"
130;"Sauna Monitor";"Cleave.";4;3;4;"id_00058_005_stylized_monitor_lizard_sauna"
131;"Backflow Beaver";"Reflect Damage (once)";0;1;1;"id_00037_009_stylized_beaver_plumber_blue"
132;"Fireline Rescuer";"Whenever a friendly minion would take damage, this minion takes it instead.";5;1;7;"id_00116_031_fire_salamander_firefighter_glossy"
133;"Untouchable Detective";"When Attacked: Become Immune for this attack.";0;1;1;"id_00072_002_chameleon_detective_independently_swiveling"
134;"Tenrec Fakir";"Every second hit against this minion is blocked.";5;3;6;"id_00182_005_tenrec_fakir_street_performer"
135;"Axolotl Barista";"OnDeath: Summon a minion with half of this minion's original Attack and Health.";4;2;4;"id_00237_006_an_axolotl_caf_worker"
136;"Borrowed Muscle";"OnPlay: Give a minion +4/4 but -3/3 next turn";4;2;2;"Gemini_Generated_Image_k2pw1pk2pw1pk2pw"
137;"Tuatara Treasurer";"At the end of your turn, double your remaining Mana next turn.";5;2;2;"id_00198_001_tuatara_government_office_clerk"
138;"Silent Librarian";"OnPlay: Silence an enemy minion.";4;3;2;"id_00164_007_shoebill_stork_librarian_silent"
139;"Fossa Personal Trainer";"EndOfTurn: Give a friendly minion +3/+3.";5;2;3;"id_00171_014_fossa_personal_trainer_checking"
140;"Invisible Prison";"OnPlay: Lock an enemy minion for 1 turn.";4;2;3;"id_00181_004_chameleon_street_mime_classic"
141;"Babirusa Butcher";"Taunt.";4;3;5;"id_00071_001_babirusa_wild_pig_butcher"
142;"Penguin Bus Driver";"OnPlay: Summon a friendly minion from your hand that has less Attack than this minion.";0;1;1;"id_00094_009_gal_pagos_penguin_bus"
143;"Mana Refund";;0;;;
144;"Express Kangaroo";"Charge.";2;2;3;"id_00102_017_kangaroo_courier_delivery_bag"
145;"Frog Cabby";"Charge.";5;5;1;"id_00097_012_weathered_frog_taxi_driver"
146;"High-Rise Glider";"Charge.";8;7;5;"id_00136_051_sugar_glider_window_cleaner"
147;"Circuit Bug";;1;2;1;"id_00246_005_mantis_shrimp_metro_electrician"
148;"Beaver Plumber";"Plumber";4;4;5;"id_00037_009_stylized_beaver_plumber_blue"
149;"Pangolin Security";;2;2;3;"id_00084_011_pangolin_nightclub_bouncer_large"
150;"Avarage Rhino";;6;5;7;"id_00193_016_babirusa_scrap_metal_collector"
500;"Pigeon_c";;0;1;1;"pigeon"
501;"501 BOMB Minion";"Warning it might  explode.";0;0;2;"BombIMG"
502;"Saved Cat";"She is safe now";0;2;2;"savedcat"
503;"Cat kid";;0;1;1;"saved_cat"
999;"Coin";"Gain a mana.";0;;;"coin"
1000;"Crowded Bathtub";"Deal 2 damage to the minions on each end of the enemy board.";2;;;"Gemini_Generated_Image_ (16)"
1001;"Cake Party";"Deal 1-3 damage randomly to every  enemy minion.";4;;;"aoe_1"
1002;"Might be Cooking";"Deal 4 damage to a minion and 1 damage to your hero.";1;;;"Gemini_Generated_Image_ (22)"
1003;"Safe Jump";"Return a friendly minion to your hand.";1;;;"goat"
1004;"Elephant in porcelain shop";"Sacrafise a minion Deal damage the attack of that minion to all enemy minions";5;;;"Gemini_Generated_Image_ (24)"
1005;"Pelican said Stop";"Enemy minions cannot attack next turn.";4;;;"Gemini_Generated_Image_ (14)"
1006;"Emu on 4-6 Tram";"Deal 2 damage to a minion and its neighbors.";2;;;"id_00095_010_an_emu_bus_driver"
1007;"Into the future";"Send a minion into the a Future.";3;;;"teknosjovo"
1008;"We are safe";"A friendly minion is immune to damage until your next turn.";2;;;"Gemini_Generated_Image_ (31)"
1009;"On the Way";"Restore 6 Health to a friendly character.";2;;;"Gemini_Generated_Image_ (27)"
1010;"Synchron Dance";"Set all friendly minions' stats to their average Attack and Health.";4;;;"synchron"
1011;"Dangerous Crane";"Move probably an enemy minion to the side of the board.";1;;;"Gemini_Generated_Image_ (33)"
1012;"Eel power 220V";"Give a friendly minion +3 Attack. Its neighbors gain +1 Attack.";2;;;"Gemini_Generated_Image_b2r5hfb2r5hfb2r5"
1013;"Snail on rails";"OnPlay: Your opponent starts their next turn with 1 less Mana.";1;;;"Gemini_Generated_Image_9czo079czo079czo"
1014;"Gas Leak";"Return all minions on both sides to their owner's hand.";7;;;"Gemini_Generated_Image_ (30)"
1015;"Chilling Sauna Master";"All other minions lose 1 Attack this turn.";2;;;"id_00327_016_naked_mole_rat_sauna"
1016;"Just got away";"Remove all negative effects from a friendly minion.";0;;;"id_00330_019_sea_cucumber_escape_artist"
1017;"Sugar Glide Swing";"Give a friendly minion +2/+2. When it dies, return it to your hand.";2;;;"id_00332_001_young_sugar_glider_on"
1018;"Pistol Plumber";"Deal 3 damage to a minion and 1 to its neighbors.";3;;;"id_00282_001_pistol_shrimp_plumber_snapping"
1019;"Demolition Order";"Destroy an enemy minion with 3 or less Health.";2;;;"id_00283_002_cassowary_construction_inspector_kicking"
1020;"Kitchen Under Control";"Your hero takes 3 less damage from all sources this turn.";3;;;"id_00232_001_fearless_honey_badger_bakery"
1021;"Maybe the next one";"Discard a card. draw 2 card";1;;;"id_00230_015_prompt_sad_exhausted_badger"
1022;"Plan Ahead";"Discard a card. draw 2 card";1;;;"id_00225_010_prompt_determined_caterpillar_wearing"
1023;"Heavy Lifting";"Give a friendly minion +4/+4. It cannot attack this turn.";2;;;"id_00239_008_tiny_leafcutter_ant_mover"
1024;"No Exceptions";"OnPlay: Deal 4 damage, ignoring Blocks and Shields.";3;;;"id_00288_007_secretary_bird_pest_control"
1025;"Finish the Job";"Deal 3 damage to a damaged minion.";1;;;"id_00256_015_numbat_building_surveyor_kneeling"
1026;"Jump-Start";"A friendly minion that already attacked may attack again this turn.";3;;;"id_00265_004_an_electric_eel_metro"
1027;"Pickpocket";"Steal 2 Mana from the enemy next turn.";4;;;"id_00293_012_fossa_pickpocket_mid_slip"
1028;"Hunker Down";"This minion takes no damage this turn but cannot attack.";0;;;"id_00279_018_pangolin_street_sweeper_rolled"
1029;"Direct Hit";"Deal 4 damage to an enemy minion.";3;;;"Gemini_Generated_Image_ (25)"
1030;"Double Impact";"OnPlay: Deal 6 damage to two random minions.";3;;;"Gemini_Generated_Image_ (23)"
1032;"Circuit Inspection";"Look at 3 cards from your deck, draw it";2;;;"id_00246_005_mantis_shrimp_metro_electrician"
1033;"Pressure Blast";"Deal 3 damage to any target";2;;;"id_00251_010_an_archerfish_street_cleaner"
1034;"Heavy Hit";"Deal 6 damage to enemy";5;;;"id_00267_006_babirusa_market_vendor_charging"
1035;"Repossession";"Take control of an enemy minion with 4 or less Attack this turn (drags it over).";5;;;"id_00266_005_wolverine_repo_man_single"
1036;"Feeding Frenzy";"Summon 4 1/1 Pigeons";3;;;"id_00281_020_sloth_pigeon_feeder_buried"
1037;"Aye Safe Cracker";"Look at the enemy's hand and copy 1 card from it (cracks the vault).";2;;;"id_00289_008_an_aye_aye_safecracker"
1038;"Full Recovery";"Restore a minion to full Health";2;;;"id_00291_010_an_axolotl_burn_ward"
1039;"Scrap It_1039";"5 damage to minion";2;;;"id_00284_003_mantis_shrimp_scrapyard_worker"
1041;"Fine Vintage";"Discover a card from your Deck";2;;;"id_00313_002_star_nosed_mole_sommelier"
1042;"Desynchron Dance";"Set all enemy minions to their avarage cost.";3;;;"desynchron"
1043;"Pool Crash";"4 damage to all minions";5;;;"aoe_2"
1044;"Grand Finale";"6 damage to all enemy minion";8;;;"aoe_3"
